insert into Friends (FriendID, FriendWhoAdded, FriendBeingAdded, IsAccepted, DateAdded) values (1, 2, 3, true, '6/24/2021');
insert into Friends (FriendID, FriendWhoAdded, FriendBeingAdded, IsAccepted, DateAdded) values (2, 3, 4, false, '10/26/2023');
insert into Friends (FriendID, FriendWhoAdded, FriendBeingAdded, IsAccepted, DateAdded) values (3, 9, 3, true, '4/18/2021');
insert into Friends (FriendID, FriendWhoAdded, FriendBeingAdded, IsAccepted, DateAdded) values (4, 10, 6, false, '6/1/2022');
insert into Friends (FriendID, FriendWhoAdded, FriendBeingAdded, IsAccepted, DateAdded) values (5, 2, 7, false, '4/21/2022');
insert into Friends (FriendID, FriendWhoAdded, FriendBeingAdded, IsAccepted, DateAdded) values (6, 7, 2, true, '7/4/2022');
insert into Friends (FriendID, FriendWhoAdded, FriendBeingAdded, IsAccepted, DateAdded) values (7, 2, 19, true, '11/24/2023');
insert into Friends (FriendID, FriendWhoAdded, FriendBeingAdded, IsAccepted, DateAdded) values (8, 1, 18, true, '8/22/2024');
insert into Friends (FriendID, FriendWhoAdded, FriendBeingAdded, IsAccepted, DateAdded) values (9, 13, 5, true, '7/2/2022');
insert into Friends (FriendID, FriendWhoAdded, FriendBeingAdded, IsAccepted, DateAdded) values (10, 15, 19, false, '4/10/2024');
insert into Friends (FriendID, FriendWhoAdded, FriendBeingAdded, IsAccepted, DateAdded) values (11, 12, 1, true, '10/30/2022');
insert into Friends (FriendID, FriendWhoAdded, FriendBeingAdded, IsAccepted, DateAdded) values (12, 13, 20, false, '3/11/2021');
insert into Friends (FriendID, FriendWhoAdded, FriendBeingAdded, IsAccepted, DateAdded) values (13, 15, 14, false, '2/7/2024');
insert into Friends (FriendID, FriendWhoAdded, FriendBeingAdded, IsAccepted, DateAdded) values (14, 3, 17, true, '7/14/2022');
insert into Friends (FriendID, FriendWhoAdded, FriendBeingAdded, IsAccepted, DateAdded) values (15, 16, 18, false, '8/16/2022');
insert into Friends (FriendID, FriendWhoAdded, FriendBeingAdded, IsAccepted, DateAdded) values (16, 17, 1, true, '2/6/2023');
insert into Friends (FriendID, FriendWhoAdded, FriendBeingAdded, IsAccepted, DateAdded) values (17, 9, 3, true, '4/24/2023');
insert into Friends (FriendID, FriendWhoAdded, FriendBeingAdded, IsAccepted, DateAdded) values (18, 4, 7, false, '5/22/2021');
insert into Friends (FriendID, FriendWhoAdded, FriendBeingAdded, IsAccepted, DateAdded) values (19, 3, 2, false, '1/24/2021');
insert into Friends (FriendID, FriendWhoAdded, FriendBeingAdded, IsAccepted, DateAdded) values (20, 19, 4, true, '2/8/2021');


insert into Groups (GroupID, GroupName, CreatedBy, DateAdded) values (1, 'math club', 2, '10/7/2019');
insert into Groups (GroupID, GroupName, CreatedBy, DateAdded) values (2, 'science club', 8, '11/7/2019');
insert into Groups (GroupID, GroupName, CreatedBy, DateAdded) values (3, 'student council', 3, '12/26/2019');
insert into Groups (GroupID, GroupName, CreatedBy, DateAdded) values (4, 'english club', 9, '12/25/2019');
insert into Groups (GroupID, GroupName, CreatedBy, DateAdded) values (5, 'british club', 5, '10/3/2019');
insert into Groups (GroupID, GroupName, CreatedBy, DateAdded) values (6, 'earth science club', 3, '11/9/2019');
insert into Groups (GroupID, GroupName, CreatedBy, DateAdded) values (7, 'data structure club',6, '9/29/2019');
insert into Groups (GroupID, GroupName, CreatedBy, DateAdded) values (8, 'algorithm club', 8, '10/1/2019');
insert into Groups (GroupID, GroupName, CreatedBy, DateAdded) values (9, 'dance club', 9, '12/27/2019');
insert into Groups (GroupID, GroupName, CreatedBy, DateAdded) values (10, 'music club', 5, '9/27/2019');
insert into Groups (GroupID, GroupName, CreatedBy, DateAdded) values (11, 'singing club', 11, '11/12/2019');
insert into Groups (GroupID, GroupName, CreatedBy, DateAdded) values (12, 'smart club', 6, '9/13/2019');
insert into Groups (GroupID, GroupName, CreatedBy, DateAdded) values (13, 'OSA', 3, '10/24/2019');
insert into Groups (GroupID, GroupName, CreatedBy, DateAdded) values (14, 'astronomy club', 5, '9/3/2019');
insert into Groups (GroupID, GroupName, CreatedBy, DateAdded) values (15, 'AP club', 20, '12/19/2019');
insert into Groups (GroupID, GroupName, CreatedBy, DateAdded) values (16, 'TLE club', 16, '9/18/2019');
insert into Groups (GroupID, GroupName, CreatedBy, DateAdded) values (17, 'sports club', 4, '10/26/2019');
insert into Groups (GroupID, GroupName, CreatedBy, DateAdded) values (18, 'computer club', 18, '9/16/2019');
insert into Groups (GroupID, GroupName, CreatedBy, DateAdded) values (19, 'hacker club', 2, '9/15/2019');
insert into Groups (GroupID, GroupName, CreatedBy, DateAdded) values (20, 'gen z club', 1, '10/8/2019');


insert into GroupMembershipRequests (GroupMemberShipRequestsID, GroupID, GroupMemberUserID, IsGroupMemberShipAccepted, DateAccepted) values (1, 20, 1, false, '3/19/2022');
insert into GroupMembershipRequests (GroupMemberShipRequestsID, GroupID, GroupMemberUserID, IsGroupMemberShipAccepted, DateAccepted) values (2, 19, 2, false, '12/14/2021');
insert into GroupMembershipRequests (GroupMemberShipRequestsID, GroupID, GroupMemberUserID, IsGroupMemberShipAccepted, DateAccepted) values (3, 16, 3, false, '11/13/2023');
insert into GroupMembershipRequests (GroupMemberShipRequestsID, GroupID, GroupMemberUserID, IsGroupMemberShipAccepted, DateAccepted) values (4, 18, 4, true, '1/25/2022');
insert into GroupMembershipRequests (GroupMemberShipRequestsID, GroupID, GroupMemberUserID, IsGroupMemberShipAccepted, DateAccepted) values (5, 17, 5, false, '4/22/2022');
insert into GroupMembershipRequests (GroupMemberShipRequestsID, GroupID, GroupMemberUserID, IsGroupMemberShipAccepted, DateAccepted) values (6, 14, 6, true, '12/6/2021');
insert into GroupMembershipRequests (GroupMemberShipRequestsID, GroupID, GroupMemberUserID, IsGroupMemberShipAccepted, DateAccepted) values (7, 15, 7, true, '7/18/2021');
insert into GroupMembershipRequests (GroupMemberShipRequestsID, GroupID, GroupMemberUserID, IsGroupMemberShipAccepted, DateAccepted) values (8, 13, 8, false, '12/12/2023');
insert into GroupMembershipRequests (GroupMemberShipRequestsID, GroupID, GroupMemberUserID, IsGroupMemberShipAccepted, DateAccepted) values (9, 11, 9, true, '7/28/2021');
insert into GroupMembershipRequests (GroupMemberShipRequestsID, GroupID, GroupMemberUserID, IsGroupMemberShipAccepted, DateAccepted) values (10, 12, 10, true, '2/13/2023');
insert into GroupMembershipRequests (GroupMemberShipRequestsID, GroupID, GroupMemberUserID, IsGroupMemberShipAccepted, DateAccepted) values (11, 8, 11, true, '3/7/2022');
insert into GroupMembershipRequests (GroupMemberShipRequestsID, GroupID, GroupMemberUserID, IsGroupMemberShipAccepted, DateAccepted) values (12, 10, 12, true, '2/12/2022');
insert into GroupMembershipRequests (GroupMemberShipRequestsID, GroupID, GroupMemberUserID, IsGroupMemberShipAccepted, DateAccepted) values (13, 9, 13, true, '11/10/2021');
insert into GroupMembershipRequests (GroupMemberShipRequestsID, GroupID, GroupMemberUserID, IsGroupMemberShipAccepted, DateAccepted) values (14, 6, 14, false, '10/20/2022');
insert into GroupMembershipRequests (GroupMemberShipRequestsID, GroupID, GroupMemberUserID, IsGroupMemberShipAccepted, DateAccepted) values (15, 7, 15, true, '3/27/2023');
insert into GroupMembershipRequests (GroupMemberShipRequestsID, GroupID, GroupMemberUserID, IsGroupMemberShipAccepted, DateAccepted) values (16, 5, 16, true, '8/25/2022');
insert into GroupMembershipRequests (GroupMemberShipRequestsID, GroupID, GroupMemberUserID, IsGroupMemberShipAccepted, DateAccepted) values (17, 3, 17, true, '5/16/2021');
insert into GroupMembershipRequests (GroupMemberShipRequestsID, GroupID, GroupMemberUserID, IsGroupMemberShipAccepted, DateAccepted) values (18, 2, 18, false, '5/2/2023');
insert into GroupMembershipRequests (GroupMemberShipRequestsID, GroupID, GroupMemberUserID, IsGroupMemberShipAccepted, DateAccepted) values (19, 4, 19, true, '10/29/2021');
insert into GroupMembershipRequests (GroupMemberShipRequestsID, GroupID, GroupMemberUserID, IsGroupMemberShipAccepted, DateAccepted) values (20, 1, 20, false, '6/30/2023');


insert into Posts (PostID, PostDescription, PostedBy, IsPublic, IsOnlyForFriends, GroupID, DatePosted) values (1, 'What are your thoughts on the new university curriculum?', 1, true, true, 1, '5/23/2024');
insert into Posts (PostID, PostDescription, PostedBy, IsPublic, IsOnlyForFriends, GroupID, DatePosted) values (2, 'Anyone else struggling with the final year project?', 2, false, false, 2, '10/11/2023');
insert into Posts (PostID, PostDescription, PostedBy, IsPublic, IsOnlyForFriends, GroupID, DatePosted) values (3, 'Is it worth joining the student council?', 3, true, false, 3, '12/27/2022');
insert into Posts (PostID, PostDescription, PostedBy, IsPublic, IsOnlyForFriends, GroupID, DatePosted) values (4, 'How do you prepare for midterm exams?', 4, true, true, 4, '1/29/2023');
insert into Posts (PostID, PostDescription, PostedBy, IsPublic, IsOnlyForFriends, GroupID, DatePosted) values (5, 'What are the best study spots on campus?', 5, true, true, 5, '9/7/2023');
insert into Posts (PostID, PostDescription, PostedBy, IsPublic, IsOnlyForFriends, GroupID, DatePosted) values (6, 'Tips for balancing a part-time job and university?', 6, true, true, 6, '2/9/2024');
insert into Posts (PostID, PostDescription, PostedBy, IsPublic, IsOnlyForFriends, GroupID, DatePosted) values (7, 'How do you handle stress during finals?', 7, true, false, 7, '11/9/2023');
insert into Posts (PostID, PostDescription, PostedBy, IsPublic, IsOnlyForFriends, GroupID, DatePosted) values (8, 'Any tips for writing a strong research paper?', 8, false, false, 8, '9/25/2022');
insert into Posts (PostID, PostDescription, PostedBy, IsPublic, IsOnlyForFriends, GroupID, DatePosted) values (9, 'Is networking during university really important?', 9, false, true, 9, '3/21/2023');
insert into Posts (PostID, PostDescription, PostedBy, IsPublic, IsOnlyForFriends, GroupID, DatePosted) values (10, 'What are your thoughts on taking a gap year?', 10, false, false, 10, '5/11/2024');
insert into Posts (PostID, PostDescription, PostedBy, IsPublic, IsOnlyForFriends, GroupID, DatePosted) values (11, 'Which electives are most beneficial for our major?', 11, false, true, 11, '9/28/2022');
insert into Posts (PostID, PostDescription, PostedBy, IsPublic, IsOnlyForFriends, GroupID, DatePosted) values (12, 'What challenges do you face with online learning?', 12, false, true, 12, '5/7/2024');
insert into Posts (PostID, PostDescription, PostedBy, IsPublic, IsOnlyForFriends, GroupID, DatePosted) values (13, 'Advice on writing a personal statement?', 13, false, true, 13, '11/5/2023');
insert into Posts (PostID, PostDescription, PostedBy, IsPublic, IsOnlyForFriends, GroupID, DatePosted) values (14, 'How do you make the most of university resources?', 14, false, false, 14, '8/24/2023');
insert into Posts (PostID, PostDescription, PostedBy, IsPublic, IsOnlyForFriends, GroupID, DatePosted) values (15, 'What are the pros and cons of studying abroad?', 15, false, true, 15, '8/3/2024');
insert into Posts (PostID, PostDescription, PostedBy, IsPublic, IsOnlyForFriends, GroupID, DatePosted) values (16, 'Best strategies for time management during university?', 16, false, true, 16, '8/18/2024');
insert into Posts (PostID, PostDescription, PostedBy, IsPublic, IsOnlyForFriends, GroupID, DatePosted) values (17, 'What are your plans after graduation?', 17, false, true, 17, '2/29/2024');
insert into Posts (PostID, PostDescription, PostedBy, IsPublic, IsOnlyForFriends, GroupID, DatePosted) values (18, 'How do you stay motivated throughout the semester?', 18, true, false, 18, '1/4/2024');
insert into Posts (PostID, PostDescription, PostedBy, IsPublic, IsOnlyForFriends, GroupID, DatePosted) values (19, 'How do you choose the right major for your career goals?', 19, true, false, 19, '10/25/2022');
insert into Posts (PostID, PostDescription, PostedBy, IsPublic, IsOnlyForFriends, GroupID, DatePosted) values (20, 'What are your thoughts on undergraduate research opportunities?', 20, true, false, 20, '4/14/2023');


insert into Users (UserID, Username, FirstName, LastName, DateOfBirth, Password, DateAdded) values (1, 'EmilyW', 'Ava', 'Hall', '1/10/2001', 'tX6//OO@Zvo4l1aI', '9/21/2021');
insert into Users (UserID, Username, FirstName, LastName, DateOfBirth, Password, DateAdded) values (2, 'LiamB', 'Oliver', 'Brown', '7/19/2006', 'zV6)gu|dAo*D', '10/27/2020');
insert into Users (UserID, Username, FirstName, LastName, DateOfBirth, Password, DateAdded) values (3, 'NoahG', 'Ethan', 'Garcia', '7/3/2006', 'hG0&\Z8kPMZx', '5/22/2022');
insert into Users (UserID, Username, FirstName, LastName, DateOfBirth, Password, DateAdded) values (4, 'EthanK', 'Lucas', 'King', '2/8/2008', 'xT6!|DcD', '1/31/2021');
insert into Users (UserID, Username, FirstName, LastName, DateOfBirth, Password, DateAdded) values (5, 'OliverM', 'Benjamin', 'Martin', '7/11/2006', 'vU0`$XIj', '8/29/2022');
insert into Users (UserID, Username, FirstName, LastName, DateOfBirth, Password, DateAdded) values (6, 'BenjaminP', 'Logan', 'Parker', '7/19/2006', 'vT9"w%hP', '3/23/2024');
insert into Users (UserID, Username, FirstName, LastName, DateOfBirth, Password, DateAdded) values (7, 'LoganR', 'Alexander', 'Rodriguez', '1/9/2007', 'eU1!8S$lKlj', '5/22/2022');
insert into Users (UserID, Username, FirstName, LastName, DateOfBirth, Password, DateAdded) values (8, 'AlexanderS', 'Elijah', 'Smith', '9/21/2002', 'lE2"wwl(d', '6/21/2024');
insert into Users (UserID, Username, FirstName, LastName, DateOfBirth, Password, DateAdded) values (9, 'ElijahT', 'William', 'Taylor', '11/27/2007', 'oN1>OY!51eQ"Bn', '12/31/2022');
insert into Users (UserID, Username, FirstName, LastName, DateOfBirth, Password, DateAdded) values (10, 'WilliamW', 'James', 'Walker', '10/2/2001', 'oM2~|$bxi8=', '5/1/2024');
insert into Users (UserID, Username, FirstName, LastName, DateOfBirth, Password, DateAdded) values (11, 'JamesD', 'Gabriel', 'Davis', '4/15/2006', 'wG7(Z7SEBT', '2/1/2022');
insert into Users (UserID, Username, FirstName, LastName, DateOfBirth, Password, DateAdded) values (12, 'GabrielH', 'Michael', 'Harris', '5/17/2006', 'pF7`tI`Qf`p', '3/17/2023');
insert into Users (UserID, Username, FirstName, LastName, DateOfBirth, Password, DateAdded) values (13, 'MichaelJ', 'Daniel', 'Jackson', '8/8/2009', 'zG6\<C"3gX&N_nN}', '5/18/2022');
insert into Users (UserID, Username, FirstName, LastName, DateOfBirth, Password, DateAdded) values (14, 'DanielL', 'Anthony', 'Lee', '10/26/2003', 'cT0+CsRDujpL', '7/19/2023');
insert into Users (UserID, Username, FirstName, LastName, DateOfBirth, Password, DateAdded) values (15, 'AnthonyM', 'Christopher', 'Martin', '3/3/2002', 'sV0(ucf_zls*qt', '6/6/2022');
insert into Users (UserID, Username, FirstName, LastName, DateOfBirth, Password, DateAdded) values (16, 'ChristopherN', 'Matthew', 'Nelson', '2/16/2004', 'uQ2|{1&I6#?S%', '8/2/2022');
insert into Users (UserID, Username, FirstName, LastName, DateOfBirth, Password, DateAdded) values (17, 'MatthewO', 'Joshua', 'Oliver', '12/2/2000', 'aT3<,''+kvKMkFJ', '6/15/2021');
insert into Users (UserID, Username, FirstName, LastName, DateOfBirth, Password, DateAdded) values (18, 'JoshuaP', 'Andrew', 'Patterson', '9/2/2003', 'cZ8)TvZOaM*ZQ*xM', '1/7/2023');
insert into Users (UserID, Username, FirstName, LastName, DateOfBirth, Password, DateAdded) values (19, 'AndrewR', 'Joseph', 'Reyes', '6/22/2002', 'vZ1~7''UkNj+QHs."', '8/18/2023');
insert into Users (UserID, Username, FirstName, LastName, DateOfBirth, Password, DateAdded) values (20, 'JosephS', 'Kevin', 'Sanchez', '4/8/2010', 'yR7%!dRvy#', '7/25/2024');